location,year,male,female
AUS,1960,67.9,73.9
AUS,1961,68.0,74.4
AUS,1962,67.8,74.2
AUS,1963,67.9,74.2
AUS,1964,67.5,73.9
AUS,1965,67.7,74.2
AUS,1966,67.6,74.0
AUS,1967,67.8,74.5
AUS,1968,67.5,74.2
AUS,1969,67.5,74.6
AUS,1970,67.4,74.2
AUS,1971,68.3,74.9
AUS,1972,68.6,75.4
AUS,1973,68.6,75.5
AUS,1974,68.4,75.4
AUS,1975,69.2,76.2
AUS,1976,69.3,76.3
AUS,1977,69.9,76.8
AUS,1978,70.2,77.2
AUS,1979,70.8,77.8
AUS,1980,71.0,78.1
AUS,1981,71.4,78.4
AUS,1982,71.2,78.2
AUS,1983,72.1,78.8
AUS,1984,72.5,79.0
AUS,1985,72.4,78.8
AUS,1986,72.9,79.2
AUS,1987,73.1,79.5
AUS,1988,73.1,79.5
AUS,1989,73.3,79.6
AUS,1990,73.9,80.1
AUS,1991,74.4,80.4
AUS,1992,74.5,80.4
AUS,1993,75.0,80.9
AUS,1994,75.0,80.9
AUS,1995,75.0,80.8
AUS,1996,75.2,81.1
AUS,1997,75.6,81.3
AUS,1998,75.9,81.5
AUS,1999,76.2,81.8
AUS,2000,76.6,82.0
AUS,2001,77.0,82.4
AUS,2002,77.4,82.6
AUS,2003,77.8,82.8
AUS,2004,78.1,83.0
AUS,2005,78.5,83.3
AUS,2006,78.7,83.5
AUS,2007,79.0,83.7
AUS,2008,79.2,83.7
AUS,2009,79.3,83.9
AUS,2010,79.5,84.0
AUS,2011,79.7,84.2
AUS,2012,79.9,84.3
AUS,2013,80.1,84.3
AUS,2014,80.3,84.4
AUS,2015,80.4,84.5
AUT,1960,65.4,71.9
AUT,1961,66.5,72.8
AUT,1962,66.3,72.5
AUT,1963,66.4,72.7
AUT,1964,66.8,73.2
AUT,1965,66.6,73.0
AUT,1966,66.9,73.4
AUT,1967,66.6,73.4
AUT,1968,66.8,73.5
AUT,1969,66.5,73.3
AUT,1970,66.5,73.5
AUT,1971,66.7,73.7
AUT,1972,67.0,74.1
AUT,1973,67.6,74.6
AUT,1974,67.5,74.7
AUT,1975,67.7,74.7
AUT,1976,68.2,75.1
AUT,1977,68.5,75.5
AUT,1978,68.5,75.7
AUT,1979,68.8,76.0
AUT,1980,69.0,76.1
AUT,1981,69.3,76.5
AUT,1982,69.4,76.7
AUT,1983,69.5,76.7
AUT,1984,70.1,77.3
AUT,1985,70.4,77.4
AUT,1986,71.0,77.8
AUT,1987,71.5,78.2
AUT,1988,71.9,78.7
AUT,1989,71.9,78.8
AUT,1990,72.3,79.0
AUT,1991,72.3,79.1
AUT,1992,72.5,79.3
AUT,1993,72.8,79.5
AUT,1994,73.2,79.8
AUT,1995,73.4,80.1
AUT,1996,73.7,80.2
AUT,1997,74.1,80.7
AUT,1998,74.5,81.0
AUT,1999,74.9,81.0
AUT,2000,75.2,81.2
AUT,2001,75.6,81.7
AUT,2002,75.8,81.7
AUT,2003,75.9,81.5
AUT,2004,76.4,82.1
AUT,2005,76.6,82.2
AUT,2006,77.1,82.8
AUT,2007,77.4,83.1
AUT,2008,77.7,83.3
AUT,2009,77.6,83.2
AUT,2010,77.8,83.5
AUT,2011,78.3,83.8
AUT,2012,78.4,83.6
AUT,2013,78.6,83.8
AUT,2014,79.1,84.0
AUT,2015,78.8,83.7
BEL,1960,66.8,72.8
BEL,1961,67.6,73.6
BEL,1962,67.4,73.2
BEL,1963,67.1,73.1
BEL,1964,67.8,73.9
BEL,1965,67.6,73.8
BEL,1966,67.8,73.8
BEL,1967,67.9,74.2
BEL,1968,67.6,73.9
BEL,1969,67.6,74.1
BEL,1970,67.9,74.2
BEL,1971,67.9,74.4
BEL,1972,68.2,74.8
BEL,1973,68.4,75.0
BEL,1974,68.8,75.3
BEL,1975,68.8,75.3
BEL,1976,68.9,75.5
BEL,1977,69.5,76.2
BEL,1978,69.4,76.1
BEL,1979,69.9,76.6
BEL,1980,69.9,76.7
BEL,1981,70.3,77.1
BEL,1982,70.6,77.3
BEL,1983,70.6,77.3
BEL,1984,71.0,78.0
BEL,1985,71.1,78.1
BEL,1986,71.4,78.2
BEL,1987,72.0,78.9
BEL,1988,72.2,79.1
BEL,1989,72.3,79.1
BEL,1990,72.7,79.5
BEL,1991,72.9,79.7
BEL,1992,73.0,79.9
BEL,1993,73.0,79.9
BEL,1994,73.4,80.2
BEL,1995,73.5,80.4
BEL,1996,73.9,80.7
BEL,1997,74.2,80.7
BEL,1998,74.4,80.7
BEL,1999,74.4,81.0
BEL,2000,74.6,81.0
BEL,2001,74.9,81.2
BEL,2002,75.1,81.2
BEL,2003,75.3,81.1
BEL,2004,76.0,81.9
BEL,2005,76.2,81.9
BEL,2006,76.6,82.3
BEL,2007,77.1,82.6
BEL,2008,76.9,82.6
BEL,2009,77.3,82.8
BEL,2010,77.5,83.0
BEL,2011,78.0,83.3
BEL,2012,77.8,83.1
BEL,2013,78.1,83.2
BEL,2014,78.8,83.9
BEL,2015,78.7,83.4
BRA,1960,52.4,56.1
BRA,1961,52.9,56.7
BRA,1962,53.3,57.3
BRA,1963,53.7,57.9
BRA,1964,54.1,58.5
BRA,1965,54.5,59.1
BRA,1966,54.9,59.7
BRA,1967,55.3,60.3
BRA,1968,55.7,60.9
BRA,1969,56.0,61.5
BRA,1970,56.4,62.0
BRA,1971,56.7,62.5
BRA,1972,57.0,63.0
BRA,1973,57.3,63.4
BRA,1974,57.5,63.7
BRA,1975,57.8,64.0
BRA,1976,58.0,64.2
BRA,1977,58.2,64.5
BRA,1978,58.4,64.7
BRA,1979,58.7,65.0
BRA,1980,58.9,65.3
BRA,1981,59.2,65.6
BRA,1982,59.4,66.0
BRA,1983,59.7,66.3
BRA,1984,59.9,66.7
BRA,1985,60.2,67.1
BRA,1986,60.5,67.5
BRA,1987,60.8,67.9
BRA,1988,61.0,68.3
BRA,1989,61.3,68.8
BRA,1990,61.7,69.2
BRA,1991,62.0,69.6
BRA,1992,62.4,70.1
BRA,1993,62.9,70.6
BRA,1994,63.3,71.1
BRA,1995,63.8,71.6
BRA,1996,64.3,72.1
BRA,1997,64.8,72.6
BRA,1998,65.3,73.1
BRA,1999,65.8,73.5
BRA,2000,66.3,74.0
BRA,2001,66.7,74.4
BRA,2002,67.1,74.8
BRA,2003,67.5,75.1
BRA,2004,67.8,75.5
BRA,2005,68.1,75.8
BRA,2006,68.4,76.0
BRA,2007,68.7,76.3
BRA,2008,69.0,76.6
BRA,2009,69.3,76.9
BRA,2010,69.6,77.2
BRA,2011,69.8,77.4
BRA,2012,70.1,77.7
BRA,2013,70.4,78.0
BRA,2014,70.7,78.3
BRA,2015,71.0,78.5
CAN,1961,68.4,74.2
CAN,1966,68.8,75.2
CAN,1971,69.3,76.4
CAN,1976,70.2,77.5
CAN,1979,71.4,78.8
CAN,1980,71.7,78.9
CAN,1981,71.9,79.0
CAN,1982,72.0,79.1
CAN,1983,72.3,79.4
CAN,1984,72.7,79.6
CAN,1985,72.9,79.7
CAN,1986,73.1,79.8
CAN,1987,73.3,79.9
CAN,1988,73.5,80.1
CAN,1989,73.7,80.3
CAN,1990,73.9,80.5
CAN,1991,74.3,80.7
CAN,1992,74.5,80.9
CAN,1993,74.7,80.9
CAN,1994,74.8,81.0
CAN,1995,74.9,80.9
CAN,1996,75.2,81.0
CAN,1997,75.4,81.1
CAN,1998,75.7,81.3
CAN,1999,76.0,81.4
CAN,2000,76.3,81.6
CAN,2001,76.6,81.8
CAN,2002,76.9,81.9
CAN,2003,77.1,82.0
CAN,2004,77.4,82.2
CAN,2005,77.6,82.3
CAN,2006,77.9,82.6
CAN,2007,78.1,82.7
CAN,2008,78.3,82.9
CAN,2009,78.5,83.0
CAN,2010,78.8,83.3
CAN,2011,79.1,83.5
CAN,2012,79.4,83.6
CAN,2013,79.6,83.8
CHE,1960,68.7,74.1
CHE,1961,68.9,74.6
CHE,1962,68.4,74.1
CHE,1963,68.3,74.3
CHE,1964,69.2,75.2
CHE,1965,69.5,75.1
CHE,1966,69.6,75.3
CHE,1967,69.7,75.8
CHE,1968,69.8,75.6
CHE,1969,69.7,75.7
CHE,1970,70.0,76.2
CHE,1971,70.2,76.3
CHE,1972,70.6,76.9
CHE,1973,71.0,77.1
CHE,1974,71.2,77.6
CHE,1975,71.5,78.1
CHE,1976,71.6,78.2
CHE,1977,72.0,78.8
CHE,1978,71.9,78.8
CHE,1979,72.3,79.0
CHE,1980,72.3,79.0
CHE,1981,72.5,79.3
CHE,1982,72.8,79.6
CHE,1983,72.7,79.7
CHE,1984,73.4,80.3
CHE,1985,73.5,80.4
CHE,1986,73.7,80.5
CHE,1987,74.0,80.9
CHE,1988,73.9,81.0
CHE,1989,74.1,81.2
CHE,1990,74.0,80.9
CHE,1991,74.2,81.4
CHE,1992,74.3,81.6
CHE,1993,75.0,81.7
CHE,1994,75.2,82.0
CHE,1995,75.4,81.9
CHE,1996,76.0,82.2
CHE,1997,76.3,82.2
CHE,1998,76.4,82.7
CHE,1999,76.8,82.7
CHE,2000,77.0,82.8
CHE,2001,77.5,83.2
CHE,2002,77.9,83.2
CHE,2003,78.0,83.2
CHE,2004,78.6,83.8
CHE,2005,78.7,84.0
CHE,2006,79.2,84.2
CHE,2007,79.5,84.4
CHE,2008,79.8,84.6
CHE,2009,79.9,84.6
CHE,2010,80.3,84.9
CHE,2011,80.5,85.0
CHE,2012,80.6,84.9
CHE,2013,80.7,85.0
CHE,2014,81.1,85.4
CHE,2015,80.8,85.1
CHL,1970,59.1,65.4
CHL,1990,69.4,76.5
CHL,1991,70.6,77.4
CHL,1992,71.4,77.6
CHL,1993,71.3,77.8
CHL,1994,71.7,78.3
CHL,1995,71.5,78.2
CHL,1996,71.8,78.6
CHL,1997,72.4,79.1
CHL,1998,72.6,79.0
CHL,1999,72.9,79.1
CHL,2000,73.7,80.0
CHL,2001,73.6,80.0
CHL,2002,74.1,80.3
CHL,2003,74.2,80.2
CHL,2004,74.2,80.2
CHL,2005,74.7,80.5
CHL,2006,75.1,80.8
CHL,2007,74.6,80.4
CHL,2008,75.2,81.0
CHL,2009,75.3,81.1
CHL,2010,75.2,80.9
CHL,2011,76.0,81.4
CHL,2012,76.1,81.3
CHL,2013,76.6,82.4
CHL,2014,76.8,82.5
CHL,2015,76.5,81.7
CHL,2016,76.7,81.8
CHN,1960,42.0,44.8
CHN,1961,42.3,45.1
CHN,1962,43.1,45.8
CHN,1963,44.2,47.1
CHN,1964,45.7,48.8
CHN,1965,47.5,50.8
CHN,1966,49.6,53.1
CHN,1967,51.6,55.3
CHN,1968,53.6,57.3
CHN,1969,55.4,59.1
CHN,1970,56.9,60.5
CHN,1971,58.2,61.7
CHN,1972,59.4,62.6
CHN,1973,60.4,63.5
CHN,1974,61.4,64.3
CHN,1975,62.2,65.0
CHN,1976,62.9,65.7
CHN,1977,63.6,66.4
CHN,1978,64.2,67.0
CHN,1979,64.7,67.5
CHN,1980,65.1,68.0
CHN,1981,65.5,68.5
CHN,1982,65.8,68.9
CHN,1983,66.1,69.2
CHN,1984,66.4,69.5
CHN,1985,66.6,69.8
CHN,1986,66.8,70.0
CHN,1987,67.0,70.2
CHN,1988,67.2,70.4
CHN,1989,67.3,70.5
CHN,1990,67.4,70.7
CHN,1991,67.5,70.9
CHN,1992,67.6,71.1
CHN,1993,67.8,71.3
CHN,1994,67.9,71.6
CHN,1995,68.1,71.8
CHN,1996,68.4,72.1
CHN,1997,68.8,72.4
CHN,1998,69.1,72.7
CHN,1999,69.6,73.1
CHN,2000,70.1,73.5
CHN,2001,70.6,73.8
CHN,2002,71.1,74.2
CHN,2003,71.5,74.6
CHN,2004,71.9,75.0
CHN,2005,72.3,75.3
CHN,2006,72.6,75.7
CHN,2007,72.8,75.9
CHN,2008,73.1,76.2
CHN,2009,73.3,76.4
CHN,2010,73.5,76.6
CHN,2011,73.7,76.8
CHN,2012,73.9,77.0
CHN,2013,74.1,77.2
CHN,2014,74.3,77.3
CHN,2015,74.5,77.5
COL,1960,55.0,58.5
COL,1961,55.6,59.0
COL,1962,56.1,59.5
COL,1963,56.5,60.0
COL,1964,57.0,60.4
COL,1965,57.4,60.8
COL,1966,57.8,61.2
COL,1967,58.1,61.6
COL,1968,58.4,62.0
COL,1969,58.7,62.4
COL,1970,59.0,62.8
COL,1971,59.3,63.2
COL,1972,59.6,63.6
COL,1973,59.9,64.0
COL,1974,60.3,64.4
COL,1975,60.7,64.9
COL,1976,61.1,65.5
COL,1977,61.5,66.1
COL,1978,62.0,66.8
COL,1979,62.4,67.5
COL,1980,62.8,68.3
COL,1981,63.1,69.1
COL,1982,63.5,69.7
COL,1983,63.7,70.3
COL,1984,64.0,70.8
COL,1985,64.2,71.2
COL,1986,64.3,71.4
COL,1987,64.4,71.7
COL,1988,64.4,71.9
COL,1989,64.4,72.1
COL,1990,64.4,72.4
COL,1991,64.5,72.6
COL,1992,64.6,72.9
COL,1993,64.8,73.1
COL,1994,65.1,73.4
COL,1995,65.4,73.6
COL,1996,65.8,73.9
COL,1997,66.2,74.1
COL,1998,66.6,74.3
COL,1999,67.0,74.6
COL,2000,67.3,74.8
COL,2001,67.6,75.1
COL,2002,67.9,75.3
COL,2003,68.2,75.6
COL,2004,68.4,75.8
COL,2005,68.7,76.0
COL,2006,68.9,76.3
COL,2007,69.1,76.5
COL,2008,69.3,76.7
COL,2009,69.5,76.9
COL,2010,69.7,77.0
COL,2011,69.9,77.2
COL,2012,70.1,77.3
COL,2013,70.3,77.5
COL,2014,70.5,77.7
COL,2015,70.7,77.8
CRI,1960,59.2,62.0
CRI,1961,59.9,62.7
CRI,1962,60.6,63.4
CRI,1963,61.3,64.1
CRI,1964,61.9,64.8
CRI,1965,62.4,65.4
CRI,1966,62.9,66.0
CRI,1967,63.4,66.6
CRI,1968,63.8,67.2
CRI,1969,64.2,67.8
CRI,1970,64.7,68.3
CRI,1971,65.1,68.9
CRI,1972,65.5,69.5
CRI,1973,66.0,70.1
CRI,1974,66.5,70.8
CRI,1975,67.0,71.4
CRI,1976,67.5,72.0
CRI,1977,68.0,72.7
CRI,1978,68.6,73.4
CRI,1979,69.1,74.1
CRI,1980,69.6,74.7
CRI,1981,70.2,75.4
CRI,1982,70.6,75.9
CRI,1983,71.1,76.4
CRI,1984,71.5,76.9
CRI,1985,71.8,77.2
CRI,1986,72.1,77.5
CRI,1987,72.4,77.8
CRI,1988,72.7,78.0
CRI,1989,72.9,78.2
CRI,1990,73.1,78.3
CRI,1991,73.3,78.5
CRI,1992,73.5,78.6
CRI,1993,73.7,78.8
CRI,1994,74.0,78.9
CRI,1995,74.2,79.1
CRI,1996,74.4,79.2
CRI,1997,74.6,79.4
CRI,1998,74.8,79.5
CRI,1999,75.0,79.7
CRI,2000,75.1,79.8
CRI,2001,75.3,80.0
CRI,2002,75.4,80.1
CRI,2003,75.6,80.2
CRI,2004,75.7,80.4
CRI,2005,75.8,80.5
CRI,2006,75.9,80.6
CRI,2007,76.0,80.8
CRI,2008,76.1,80.9
CRI,2009,76.2,81.1
CRI,2010,76.3,81.3
CRI,2011,76.5,81.4
CRI,2012,76.6,81.6
CRI,2013,76.8,81.8
CRI,2014,77.0,81.9
CRI,2015,77.2,82.1
CZE,1960,67.8,73.5
CZE,1961,67.7,73.6
CZE,1962,66.9,72.9
CZE,1963,67.3,73.6
CZE,1964,67.5,73.8
CZE,1965,67.2,73.5
CZE,1966,67.3,73.9
CZE,1967,67.1,73.8
CZE,1968,66.6,73.5
CZE,1969,66.0,73.2
CZE,1970,66.1,73.1
CZE,1971,66.2,73.4
CZE,1972,66.9,73.7
CZE,1973,66.6,73.8
CZE,1974,66.8,73.6
CZE,1975,67.0,74.1
CZE,1976,67.1,74.3
CZE,1977,67.2,74.3
CZE,1978,67.3,74.4
CZE,1979,67.4,74.4
CZE,1980,66.9,74.0
CZE,1981,67.2,74.4
CZE,1982,67.3,74.5
CZE,1983,67.1,74.4
CZE,1984,67.4,74.6
CZE,1985,67.5,74.8
CZE,1986,67.5,74.7
CZE,1987,67.9,75.3
CZE,1988,68.2,75.4
CZE,1989,68.2,75.5
CZE,1990,67.6,75.5
CZE,1991,68.2,75.8
CZE,1992,68.6,76.3
CZE,1993,69.3,76.5
CZE,1994,69.5,76.8
CZE,1995,69.7,76.8
CZE,1996,70.4,77.5
CZE,1997,70.5,77.6
CZE,1998,71.2,78.2
CZE,1999,71.5,78.3
CZE,2000,71.6,78.5
CZE,2001,72.0,78.5
CZE,2002,72.1,78.7
CZE,2003,72.0,78.6
CZE,2004,72.5,79.1
CZE,2005,72.9,79.2
CZE,2006,73.5,79.9
CZE,2007,73.8,80.2
CZE,2008,74.1,80.5
CZE,2009,74.3,80.5
CZE,2010,74.5,80.9
CZE,2011,74.8,81.1
CZE,2012,75.1,81.2
CZE,2013,75.2,81.3
CZE,2014,75.8,82.0
CZE,2015,75.7,81.6
DEU,1960,66.5,71.7
DEU,1961,67.0,72.3
DEU,1962,67.1,72.6
DEU,1963,67.2,72.8
DEU,1964,67.7,73.4
DEU,1965,67.7,73.3
DEU,1966,67.7,73.5
DEU,1967,67.9,73.8
DEU,1968,67.5,73.4
DEU,1969,67.3,73.3
DEU,1970,67.5,73.6
DEU,1971,67.7,73.8
DEU,1972,67.8,74.1
DEU,1973,68.1,74.4
DEU,1974,68.4,74.6
DEU,1975,68.2,74.5
DEU,1976,68.6,75.0
DEU,1977,69.2,75.7
DEU,1978,69.1,75.7
DEU,1979,69.5,76.0
DEU,1980,69.6,76.2
DEU,1981,69.9,76.4
DEU,1982,70.2,76.7
DEU,1983,70.5,77.0
DEU,1984,71.0,77.5
DEU,1985,71.1,77.6
DEU,1986,71.4,77.7
DEU,1987,71.7,78.2
DEU,1988,71.9,78.4
DEU,1989,72.1,78.6
DEU,1990,72.0,78.5
DEU,1991,72.2,78.8
DEU,1992,72.7,79.3
DEU,1993,72.8,79.4
DEU,1994,73.1,79.7
DEU,1995,73.3,79.9
DEU,1996,73.6,80.1
DEU,1997,74.1,80.5
DEU,1998,74.5,80.8
DEU,1999,74.8,81.0
DEU,2000,75.1,81.2
DEU,2001,75.6,81.4
DEU,2002,75.7,81.3
DEU,2003,75.8,81.3
DEU,2004,76.5,81.9
DEU,2005,76.7,82.0
DEU,2006,77.2,82.4
DEU,2007,77.4,82.7
DEU,2008,77.6,82.7
DEU,2009,77.8,82.8
DEU,2010,78.0,83.0
DEU,2011,77.9,83.1
DEU,2012,78.1,83.1
DEU,2013,78.1,83.0
DEU,2014,78.7,83.6
DEU,2015,78.3,83.1
DNK,1960,70.4,74.4
DNK,1967,70.3,74.9
DNK,1968,70.6,75.4
DNK,1969,70.7,75.6
DNK,1970,70.7,75.9
DNK,1971,70.7,75.9
DNK,1972,70.7,76.1
DNK,1973,70.8,76.3
DNK,1974,71.0,76.9
DNK,1975,71.3,77.1
DNK,1976,70.9,76.8
DNK,1977,71.8,77.9
DNK,1978,71.5,77.6
DNK,1979,71.2,77.5
DNK,1980,71.2,77.3
DNK,1981,71.3,77.5
DNK,1982,71.6,77.8
DNK,1983,71.5,77.7
DNK,1984,71.7,77.8
DNK,1985,71.5,77.6
DNK,1986,71.8,77.7
DNK,1987,71.8,77.9
DNK,1988,72.1,77.8
DNK,1989,72.0,77.9
DNK,1990,72.0,77.8
DNK,1991,72.5,78.1
DNK,1992,72.6,78.0
DNK,1993,72.6,77.8
DNK,1994,72.8,78.2
DNK,1995,72.7,77.9
DNK,1996,73.1,78.3
DNK,1997,73.6,78.6
DNK,1998,74.0,79.0
DNK,1999,74.2,79.0
DNK,2000,74.5,79.2
DNK,2001,74.7,79.3
DNK,2002,74.8,79.4
DNK,2003,75.0,79.8
DNK,2004,75.4,80.2
DNK,2005,76.0,80.5
DNK,2006,76.1,80.7
DNK,2007,76.2,80.6
DNK,2008,76.5,81.0
DNK,2009,76.9,81.1
DNK,2010,77.2,81.4
DNK,2011,77.8,81.9
DNK,2012,78.1,82.1
DNK,2013,78.3,82.4
DNK,2014,78.7,82.8
DNK,2015,78.8,82.7
ESP,1960,67.4,72.2
ESP,1970,69.2,74.8
ESP,1975,70.5,76.3
ESP,1976,70.8,76.6
ESP,1977,71.2,77.1
ESP,1978,71.3,77.4
ESP,1979,71.8,78.0
ESP,1980,72.3,78.5
ESP,1981,72.5,78.8
ESP,1982,73.1,79.4
ESP,1983,72.9,79.1
ESP,1984,73.1,79.7
ESP,1985,73.1,79.6
ESP,1986,73.4,79.9
ESP,1987,73.5,80.2
ESP,1988,73.5,80.3
ESP,1989,73.4,80.5
ESP,1990,73.3,80.6
ESP,1991,73.4,80.7
ESP,1992,73.8,81.3
ESP,1993,74.0,81.3
ESP,1994,74.4,81.7
ESP,1995,74.4,81.8
ESP,1996,74.5,82.0
ESP,1997,75.2,82.4
ESP,1998,75.3,82.4
ESP,1999,75.3,82.3
ESP,2000,75.8,82.8
ESP,2001,76.3,83.2
ESP,2002,76.4,83.3
ESP,2003,76.4,83.0
ESP,2004,77.0,83.7
ESP,2005,77.0,83.6
ESP,2006,77.8,84.4
ESP,2007,77.9,84.4
ESP,2008,78.3,84.6
ESP,2009,78.8,85.0
ESP,2010,79.2,85.5
ESP,2011,79.5,85.6
ESP,2012,79.5,85.5
ESP,2013,80.2,86.1
ESP,2014,80.4,86.2
ESP,2015,80.1,85.8
EST,1960,64.7,73.1
EST,1961,65.1,73.3
EST,1962,65.6,73.2
EST,1963,65.4,73.6
EST,1964,66.4,74.2
EST,1965,66.3,74.3
EST,1966,66.3,74.4
EST,1967,66.4,74.8
EST,1968,65.9,74.5
EST,1969,65.3,74.4
EST,1970,65.5,74.5
EST,1971,65.7,74.8
EST,1972,65.5,74.7
EST,1973,66.1,74.7
EST,1974,65.9,75.1
EST,1975,65.0,74.8
EST,1976,64.6,74.4
EST,1977,64.7,74.5
EST,1978,64.3,74.5
EST,1979,64.1,74.2
EST,1980,64.2,74.3
EST,1981,64.1,74.1
EST,1982,64.6,74.7
EST,1983,64.4,74.8
EST,1984,64.6,74.3
EST,1985,64.6,74.5
EST,1986,66.2,75.1
EST,1987,66.3,75.1
EST,1988,66.5,75.0
EST,1989,65.7,74.9
EST,1990,64.7,74.9
EST,1991,64.4,75.0
EST,1992,63.4,74.8
EST,1993,62.3,74.0
EST,1994,60.6,72.9
EST,1995,61.4,74.3
EST,1996,64.2,75.6
EST,1997,64.2,75.9
EST,1998,63.9,75.4
EST,1999,65.0,76.1
EST,2000,65.6,76.4
EST,2001,65.2,76.5
EST,2002,65.6,77.2
EST,2003,66.4,77.2
EST,2004,66.7,78.0
EST,2005,67.6,78.2
EST,2006,67.6,78.6
EST,2007,67.5,78.9
EST,2008,68.9,79.5
EST,2009,70.0,80.3
EST,2010,70.9,80.8
EST,2011,71.4,81.3
EST,2012,71.4,81.5
EST,2013,72.8,81.7
EST,2014,72.4,81.9
EST,2015,73.2,82.2
FIN,1960,65.5,72.5
FIN,1963,65.4,72.6
FIN,1968,65.9,73.7
FIN,1970,66.5,75.0
FIN,1971,65.9,74.2
FIN,1972,66.6,74.9
FIN,1973,66.9,75.5
FIN,1974,66.9,75.4
FIN,1975,67.4,75.9
FIN,1976,67.6,76.3
FIN,1977,67.9,76.9
FIN,1978,68.5,77.6
FIN,1979,69.0,77.5
FIN,1980,69.2,78.0
FIN,1981,69.6,78.2
FIN,1982,70.3,78.8
FIN,1983,70.3,78.5
FIN,1984,70.5,79.0
FIN,1985,70.2,78.7
FIN,1986,70.6,78.9
FIN,1987,70.7,78.8
FIN,1988,70.7,78.8
FIN,1989,70.9,79.0
FIN,1990,71.0,79.0
FIN,1991,71.4,79.5
FIN,1992,71.7,79.6
FIN,1993,72.1,79.5
FIN,1994,72.8,80.3
FIN,1995,72.8,80.4
FIN,1996,73.1,80.7
FIN,1997,73.5,80.7
FIN,1998,73.6,81.0
FIN,1999,73.8,81.2
FIN,2000,74.2,81.2
FIN,2001,74.6,81.7
FIN,2002,74.9,81.6
FIN,2003,75.1,81.9
FIN,2004,75.4,82.5
FIN,2005,75.6,82.5
FIN,2006,75.9,83.1
FIN,2007,76.0,83.1
FIN,2008,76.5,83.3
FIN,2009,76.6,83.5
FIN,2010,76.9,83.5
FIN,2011,77.3,83.8
FIN,2012,77.7,83.7
FIN,2013,78.0,84.1
FIN,2014,78.4,84.1
FIN,2015,78.7,84.4
FRA,1960,67.0,73.6
FRA,1961,67.5,74.4
FRA,1962,67.0,73.9
FRA,1963,66.8,74.1
FRA,1964,67.7,75.1
FRA,1965,67.5,75.0
FRA,1966,67.8,75.2
FRA,1967,67.8,75.2
FRA,1968,67.8,75.2
FRA,1969,67.4,75.1
FRA,1970,68.4,75.9
FRA,1971,68.3,75.9
FRA,1972,68.5,76.2
FRA,1973,68.7,76.3
FRA,1974,68.9,76.7
FRA,1975,69.0,76.9
FRA,1976,69.2,77.2
FRA,1977,69.7,77.8
FRA,1978,69.8,77.9
FRA,1979,70.1,78.3
FRA,1980,70.2,78.4
FRA,1981,70.4,78.5
FRA,1982,70.7,78.9
FRA,1983,70.7,78.8
FRA,1984,71.2,79.3
FRA,1985,71.3,79.4
FRA,1986,71.6,79.8
FRA,1987,72.1,80.5
FRA,1988,72.4,80.7
FRA,1989,72.5,80.9
FRA,1990,72.8,81.2
FRA,1991,73.0,81.4
FRA,1992,73.3,81.7
FRA,1993,73.4,81.7
FRA,1994,73.8,82.2
FRA,1995,73.9,82.2
FRA,1996,74.2,82.3
FRA,1997,74.6,82.6
FRA,1998,74.9,82.7
FRA,1999,75.1,82.7
FRA,2000,75.4,83.0
FRA,2001,75.5,83.0
FRA,2002,75.8,83.0
FRA,2003,75.8,82.8
FRA,2004,76.7,83.9
FRA,2005,76.8,83.9
FRA,2006,77.4,84.5
FRA,2007,77.6,84.8
FRA,2008,77.9,84.8
FRA,2009,78.0,85.0
FRA,2010,78.3,85.3
FRA,2011,78.8,85.7
FRA,2012,78.7,85.4
FRA,2013,79.0,85.6
FRA,2014,79.5,86.0
FRA,2015,79.2,85.5
GBR,1960,67.9,73.7
GBR,1961,67.8,73.6
GBR,1970,68.7,75.0
GBR,1971,68.8,75.0
GBR,1980,70.2,76.2
GBR,1981,70.8,76.8
GBR,1982,71.1,77.0
GBR,1983,71.3,77.3
GBR,1984,71.6,77.4
GBR,1985,71.7,77.6
GBR,1986,71.9,77.7
GBR,1987,72.3,78.0
GBR,1988,72.4,78.1
GBR,1989,72.6,78.1
GBR,1990,72.9,78.5
GBR,1991,73.1,78.7
GBR,1992,73.6,79.0
GBR,1993,73.5,78.9
GBR,1994,74.1,79.5
GBR,1995,74.0,79.3
GBR,1996,74.3,79.5
GBR,1997,74.6,79.7
GBR,1998,74.8,79.8
GBR,1999,75.0,79.9
GBR,2000,75.5,80.3
GBR,2001,75.8,80.5
GBR,2002,76.0,80.6
GBR,2003,76.2,80.5
GBR,2004,76.8,81.1
GBR,2005,77.0,81.3
GBR,2006,77.3,81.6
GBR,2007,77.6,81.8
GBR,2008,77.7,81.8
GBR,2009,78.3,82.4
GBR,2010,78.6,82.6
GBR,2011,79.0,83.0
GBR,2012,79.1,82.8
GBR,2013,79.2,82.9
GBR,2014,79.5,83.2
GBR,2015,79.2,82.8
GRC,1961,70.2,73.8
GRC,1962,69.9,73.4
GRC,1963,70.2,73.7
GRC,1964,69.9,73.8
GRC,1965,70.5,74.3
GRC,1966,70.5,74.7
GRC,1967,70.4,74.2
GRC,1968,70.6,74.2
GRC,1969,71.0,75.0
GRC,1970,71.6,76.0
GRC,1971,72.2,76.2
GRC,1972,71.7,75.9
GRC,1973,72.0,76.2
GRC,1974,72.4,76.8
GRC,1975,72.2,76.7
GRC,1976,72.3,76.7
GRC,1977,72.4,77.0
GRC,1978,72.9,77.5
GRC,1979,73.2,77.8
GRC,1980,73.0,77.5
GRC,1981,73.4,77.9
GRC,1982,73.6,78.2
GRC,1983,73.4,78.0
GRC,1984,73.8,78.6
GRC,1985,73.5,78.4
GRC,1986,74.1,78.8
GRC,1987,73.9,78.6
GRC,1988,74.3,79.3
GRC,1989,74.5,79.5
GRC,1990,74.7,79.5
GRC,1991,74.8,79.8
GRC,1992,74.7,79.7
GRC,1993,75.1,80.1
GRC,1994,75.3,80.3
GRC,1995,75.2,80.4
GRC,1996,75.3,80.6
GRC,1997,75.7,81.0
GRC,1998,75.8,80.9
GRC,1999,75.9,81.1
GRC,2000,75.9,81.3
GRC,2001,76.3,81.9
GRC,2002,76.4,82.0
GRC,2003,76.6,82.0
GRC,2004,76.6,82.2
GRC,2005,76.8,82.5
GRC,2006,77.1,82.7
GRC,2007,76.9,82.5
GRC,2008,77.5,83.0
GRC,2009,77.5,83.3
GRC,2010,78.0,83.3
GRC,2011,78.0,83.6
GRC,2012,78.0,83.4
GRC,2013,78.7,84.0
GRC,2014,78.8,84.1
GRC,2015,78.5,83.7
HUN,1960,65.9,70.2
HUN,1961,66.8,71.2
HUN,1962,65.7,70.1
HUN,1963,66.6,71.3
HUN,1964,67.0,71.9
HUN,1965,66.7,71.5
HUN,1966,67.5,72.3
HUN,1967,66.9,72.1
HUN,1968,66.6,72.0
HUN,1969,66.7,72.1
HUN,1970,66.3,72.1
HUN,1971,66.1,72.1
HUN,1972,66.8,72.7
HUN,1973,66.6,72.6
HUN,1974,66.3,72.3
HUN,1975,66.3,72.5
HUN,1976,66.7,72.6
HUN,1977,66.8,73.1
HUN,1978,66.1,72.8
HUN,1979,66.2,73.2
HUN,1980,65.5,72.8
HUN,1981,65.5,73.0
HUN,1982,65.7,73.3
HUN,1983,65.1,73.1
HUN,1984,65.1,73.3
HUN,1985,65.1,73.2
HUN,1986,65.3,73.3
HUN,1987,65.7,73.9
HUN,1988,66.2,74.2
HUN,1989,65.4,73.8
HUN,1990,65.2,73.8
HUN,1991,65.1,74.0
HUN,1992,64.7,74.0
HUN,1993,64.7,74.0
HUN,1994,65.0,74.5
HUN,1995,65.4,74.8
HUN,1996,66.3,75.0
HUN,1997,66.7,75.5
HUN,1998,66.5,75.6
HUN,1999,66.7,75.6
HUN,2000,67.5,76.2
HUN,2001,68.2,76.7
HUN,2002,68.3,76.7
HUN,2003,68.4,76.7
HUN,2004,68.7,77.2
HUN,2005,68.7,77.2
HUN,2006,69.2,77.8
HUN,2007,69.4,77.8
HUN,2008,70.0,78.3
HUN,2009,70.3,78.4
HUN,2010,70.7,78.6
HUN,2011,71.2,78.7
HUN,2012,71.6,78.7
HUN,2013,72.2,79.1
HUN,2014,72.3,79.4
HUN,2015,72.3,79.0
IDN,1960,47.3,50.1
IDN,1961,47.9,50.7
IDN,1962,48.6,51.3
IDN,1963,49.2,51.8
IDN,1964,49.8,52.4
IDN,1965,50.4,53.0
IDN,1966,51.0,53.5
IDN,1967,51.6,54.1
IDN,1968,52.2,54.6
IDN,1969,52.8,55.2
IDN,1970,53.4,55.7
IDN,1971,54.0,56.3
IDN,1972,54.5,56.8
IDN,1973,55.1,57.4
IDN,1974,55.6,57.9
IDN,1975,56.1,58.4
IDN,1976,56.6,58.9
IDN,1977,57.1,59.4
IDN,1978,57.6,59.9
IDN,1979,58.0,60.3
IDN,1980,58.5,60.8
IDN,1981,58.9,61.2
IDN,1982,59.3,61.6
IDN,1983,59.7,62.0
IDN,1984,60.0,62.4
IDN,1985,60.3,62.8
IDN,1986,60.6,63.2
IDN,1987,60.9,63.6
IDN,1988,61.2,64.0
IDN,1989,61.5,64.4
IDN,1990,61.9,64.7
IDN,1991,62.2,65.1
IDN,1992,62.5,65.5
IDN,1993,62.9,65.9
IDN,1994,63.2,66.2
IDN,1995,63.5,66.6
IDN,1996,63.8,66.9
IDN,1997,64.0,67.2
IDN,1998,64.2,67.5
IDN,1999,64.4,67.8
IDN,2000,64.6,68.0
IDN,2001,64.7,68.2
IDN,2002,64.8,68.5
IDN,2003,65.0,68.7
IDN,2004,65.1,69.0
IDN,2005,65.2,69.2
IDN,2006,65.4,69.4
IDN,2007,65.6,69.7
IDN,2008,65.7,69.9
IDN,2009,65.9,70.1
IDN,2010,66.1,70.3
IDN,2011,66.3,70.5
IDN,2012,66.5,70.6
IDN,2013,66.7,70.8
IDN,2014,66.9,71.0
IDN,2015,67.0,71.2
IND,1960,41.9,40.4
IND,1961,42.5,41.0
IND,1962,43.1,41.7
IND,1963,43.8,42.3
IND,1964,44.4,43.0
IND,1965,45.0,43.6
IND,1966,45.7,44.3
IND,1967,46.3,45.0
IND,1968,47.0,45.7
IND,1969,47.6,46.4
IND,1970,48.3,47.2
IND,1971,48.9,47.9
IND,1972,49.5,48.6
IND,1973,50.1,49.4
IND,1974,50.7,50.1
IND,1975,51.3,50.8
IND,1976,51.8,51.5
IND,1977,52.4,52.2
IND,1978,52.9,52.8
IND,1979,53.3,53.4
IND,1980,53.8,54.0
IND,1981,54.2,54.5
IND,1982,54.6,54.9
IND,1983,55.0,55.3
IND,1984,55.3,55.7
IND,1985,55.7,56.0
IND,1986,56.1,56.4
IND,1987,56.4,56.8
IND,1988,56.8,57.3
IND,1989,57.2,57.8
IND,1990,57.6,58.3
IND,1991,58.0,58.8
IND,1992,58.5,59.4
IND,1993,58.9,60.0
IND,1994,59.4,60.6
IND,1995,59.8,61.1
IND,1996,60.2,61.6
IND,1997,60.6,62.1
IND,1998,61.0,62.6
IND,1999,61.4,63.1
IND,2000,61.8,63.5
IND,2001,62.2,63.9
IND,2002,62.6,64.3
IND,2003,62.9,64.7
IND,2004,63.3,65.0
IND,2005,63.7,65.4
IND,2006,64.0,65.8
IND,2007,64.4,66.3
IND,2008,64.7,66.8
IND,2009,65.0,67.2
IND,2010,65.4,67.7
IND,2011,65.7,68.2
IND,2012,66.0,68.7
IND,2013,66.3,69.1
IND,2014,66.6,69.5
IND,2015,66.9,69.9
IRL,1960,68.1,71.9
IRL,1970,68.8,73.5
IRL,1978,68.1,74.9
IRL,1979,69.5,75.0
IRL,1980,70.1,75.6
IRL,1981,70.1,75.6
IRL,1982,70.1,75.6
IRL,1985,70.7,76.1
IRL,1986,70.8,76.4
IRL,1987,71.6,77.3
IRL,1988,71.7,77.3
IRL,1989,71.7,77.2
IRL,1990,72.1,77.7
IRL,1991,72.3,77.9
IRL,1992,72.7,78.3
IRL,1993,72.5,78.1
IRL,1994,73.1,78.6
IRL,1995,72.8,78.3
IRL,1996,73.1,78.7
IRL,1997,73.4,78.7
IRL,1998,73.4,79.1
IRL,1999,73.4,78.9
IRL,2000,74.0,79.2
IRL,2001,74.5,79.9
IRL,2002,75.0,80.4
IRL,2003,75.7,80.7
IRL,2004,76.1,81.1
IRL,2005,76.7,81.3
IRL,2006,76.9,81.7
IRL,2007,77.3,82.1
IRL,2008,77.9,82.4
IRL,2009,77.8,82.7
IRL,2010,78.5,83.1
IRL,2011,78.6,83.0
IRL,2012,78.7,83.1
IRL,2013,79.0,83.1
IRL,2014,79.3,83.5
IRL,2015,79.6,83.4
ISL,1961,70.8,76.3
ISL,1962,71.4,76.2
ISL,1963,70.2,76.1
ISL,1964,70.8,76.4
ISL,1965,71.4,76.4
ISL,1966,70.3,76.4
ISL,1967,71.1,76.6
ISL,1968,71.6,76.5
ISL,1969,71.2,76.4
ISL,1970,70.7,77.3
ISL,1971,70.8,76.5
ISL,1972,72.1,76.9
ISL,1973,71.5,77.6
ISL,1974,71.2,78.0
ISL,1975,72.3,79.0
ISL,1976,73.9,80.2
ISL,1977,73.3,79.6
ISL,1978,73.8,79.6
ISL,1980,73.5,80.4
ISL,1981,73.4,79.8
ISL,1982,74.6,79.6
ISL,1983,73.3,80.6
ISL,1984,74.8,80.5
ISL,1985,74.9,80.4
ISL,1986,75.4,80.7
ISL,1987,74.9,79.9
ISL,1988,74.4,79.9
ISL,1989,76.2,80.2
ISL,1990,75.5,80.7
ISL,1991,74.9,81.3
ISL,1992,76.8,80.8
ISL,1993,77.1,80.8
ISL,1994,77.1,81.5
ISL,1995,76.0,80.1
ISL,1996,76.5,81.2
ISL,1997,76.3,81.6
ISL,1998,77.7,81.6
ISL,1999,77.4,81.4
ISL,2000,77.8,81.6
ISL,2001,78.3,83.2
ISL,2002,78.6,82.5
ISL,2003,79.5,82.5
ISL,2004,78.9,83.2
ISL,2005,79.6,83.5
ISL,2006,79.5,82.9
ISL,2007,79.6,83.4
ISL,2008,80.0,83.3
ISL,2009,79.8,83.8
ISL,2010,79.8,84.1
ISL,2011,80.7,84.1
ISL,2012,81.6,84.3
ISL,2013,80.5,83.7
ISL,2014,81.3,84.5
ISL,2015,81.2,83.8
ISR,1971,70.1,73.4
ISR,1972,70.1,72.8
ISR,1973,70.2,73.2
ISR,1974,70.1,73.3
ISR,1975,70.3,73.9
ISR,1976,71.2,74.8
ISR,1977,71.3,74.7
ISR,1978,71.5,75.0
ISR,1979,71.8,75.3
ISR,1980,72.1,75.7
ISR,1981,72.7,75.9
ISR,1982,72.5,75.8
ISR,1983,72.8,76.2
ISR,1984,73.1,76.6
ISR,1985,73.5,77.0
ISR,1986,73.2,76.8
ISR,1987,73.6,77.0
ISR,1988,73.9,77.5
ISR,1989,74.6,78.1
ISR,1990,74.9,78.4
ISR,1991,75.1,78.5
ISR,1992,74.7,78.4
ISR,1993,75.3,79.1
ISR,1994,75.5,79.4
ISR,1995,75.5,79.5
ISR,1996,76.3,80.0
ISR,1997,76.0,80.1
ISR,1998,76.1,80.3
ISR,1999,76.6,80.4
ISR,2000,76.7,80.9
ISR,2001,77.3,81.2
ISR,2002,77.5,81.5
ISR,2003,77.6,81.8
ISR,2004,78.0,82.4
ISR,2005,78.2,82.2
ISR,2006,78.7,82.5
ISR,2007,78.7,82.4
ISR,2008,79.0,83.0
ISR,2009,79.6,83.3
ISR,2010,79.7,83.6
ISR,2011,79.9,83.5
ISR,2012,79.9,83.6
ISR,2013,80.3,83.9
ISR,2014,80.3,84.1
ISR,2015,80.1,84.1
ITA,1961,67.2,72.3
ITA,1971,69.0,74.9
ITA,1974,69.5,75.6
ITA,1975,69.5,75.8
ITA,1976,69.6,76.0
ITA,1977,70.0,76.7
ITA,1978,70.4,77.2
ITA,1979,70.6,77.5
ITA,1980,70.6,77.4
ITA,1981,70.9,77.6
ITA,1982,71.3,78.0
ITA,1983,71.5,78.1
ITA,1984,71.8,78.2
ITA,1985,72.3,78.8
ITA,1986,72.6,79.1
ITA,1987,73.0,79.6
ITA,1988,73.2,79.7
ITA,1989,73.6,80.2
ITA,1990,73.8,80.3
ITA,1991,73.8,80.4
ITA,1992,74.2,80.8
ITA,1993,74.6,81.0
ITA,1994,74.8,81.2
ITA,1995,75.0,81.5
ITA,1996,75.4,81.8
ITA,1997,75.8,82.0
ITA,1998,76.0,82.1
ITA,1999,76.4,82.6
ITA,2000,76.9,82.8
ITA,2001,77.2,83.2
ITA,2002,77.4,83.2
ITA,2003,77.3,82.8
ITA,2004,78.0,83.7
ITA,2005,78.1,83.6
ITA,2006,78.6,84.1
ITA,2007,78.8,84.2
ITA,2008,78.9,84.2
ITA,2009,79.1,84.3
ITA,2010,79.5,84.7
ITA,2011,79.7,84.8
ITA,2012,79.8,84.8
ITA,2013,80.3,85.2
ITA,2014,80.7,85.6
ITA,2015,80.3,84.9
JPN,1960,65.3,70.2
JPN,1961,66.0,70.8
JPN,1962,66.2,71.2
JPN,1963,67.2,72.3
JPN,1964,67.7,72.9
JPN,1965,67.7,72.9
JPN,1966,68.4,73.6
JPN,1967,68.9,74.2
JPN,1968,69.1,74.3
JPN,1969,69.2,74.7
JPN,1970,69.3,74.7
JPN,1971,70.2,75.6
JPN,1972,70.5,75.9
JPN,1973,70.7,76.0
JPN,1974,71.2,76.3
JPN,1975,71.7,76.9
JPN,1976,72.2,77.4
JPN,1977,72.7,78.0
JPN,1978,73.0,78.3
JPN,1979,73.5,78.9
JPN,1980,73.4,78.8
JPN,1981,73.8,79.1
JPN,1982,74.2,79.7
JPN,1983,74.2,79.8
JPN,1984,74.5,80.2
JPN,1985,74.8,80.5
JPN,1986,75.2,80.9
JPN,1987,75.6,81.4
JPN,1988,75.5,81.3
JPN,1989,75.9,81.8
JPN,1990,75.9,81.9
JPN,1991,76.1,82.1
JPN,1992,76.1,82.2
JPN,1993,76.3,82.5
JPN,1994,76.6,83.0
JPN,1995,76.4,82.9
JPN,1996,77.0,83.6
JPN,1997,77.2,83.8
JPN,1998,77.2,84.0
JPN,1999,77.1,84.0
JPN,2000,77.7,84.6
JPN,2001,78.1,84.9
JPN,2002,78.3,85.2
JPN,2003,78.4,85.3
JPN,2004,78.6,85.6
JPN,2005,78.6,85.5
JPN,2006,79.0,85.8
JPN,2007,79.2,86.0
JPN,2008,79.3,86.1
JPN,2009,79.6,86.4
JPN,2010,79.6,86.3
JPN,2011,79.4,85.9
JPN,2012,79.9,86.4
JPN,2013,80.2,86.6
JPN,2014,80.5,86.8
JPN,2015,80.8,87.1
KOR,1970,58.7,65.8
KOR,1971,59.1,66.3
KOR,1972,59.4,66.8
KOR,1973,59.7,67.3
KOR,1974,60.0,67.8
KOR,1975,60.3,68.2
KOR,1976,60.6,68.6
KOR,1977,60.9,69.1
KOR,1978,61.1,69.5
KOR,1979,61.4,69.9
KOR,1980,61.9,70.4
KOR,1981,62.4,70.9
KOR,1982,62.9,71.5
KOR,1983,63.4,71.9
KOR,1984,64.0,72.6
KOR,1985,64.6,73.2
KOR,1986,65.3,73.8
KOR,1987,65.9,74.3
KOR,1988,66.5,74.8
KOR,1989,67.0,75.3
KOR,1990,67.5,75.9
KOR,1991,67.9,76.4
KOR,1992,68.4,76.8
KOR,1993,68.9,77.3
KOR,1994,69.3,77.7
KOR,1995,69.7,77.9
KOR,1996,70.2,78.3
KOR,1997,70.7,78.7
KOR,1998,71.2,79.0
KOR,1999,71.8,79.2
KOR,2000,72.3,79.7
KOR,2001,72.9,80.1
KOR,2002,73.4,80.3
KOR,2003,73.8,80.8
KOR,2004,74.3,81.2
KOR,2005,74.9,81.6
KOR,2006,75.4,82.1
KOR,2007,75.9,82.5
KOR,2008,76.2,83.0
KOR,2009,76.7,83.4
KOR,2010,76.8,83.6
KOR,2011,77.3,84.0
KOR,2012,77.6,84.2
KOR,2013,78.1,84.6
KOR,2014,78.6,85.0
KOR,2015,79.0,85.2
LTU,1970,66.8,75.0
LTU,1971,67.6,76.1
LTU,1972,66.9,75.4
LTU,1973,67.3,75.6
LTU,1974,67.1,75.7
LTU,1975,66.4,75.5
LTU,1976,66.3,75.7
LTU,1977,66.2,75.5
LTU,1978,66.0,75.2
LTU,1979,65.5,75.4
LTU,1980,65.4,75.4
LTU,1981,65.3,75.4
LTU,1982,65.7,75.8
LTU,1983,65.7,75.7
LTU,1984,65.1,75.3
LTU,1985,65.6,75.3
LTU,1986,67.8,76.4
LTU,1987,67.6,76.3
LTU,1988,67.4,76.3
LTU,1989,66.9,76.3
LTU,1990,66.4,76.3
LTU,1991,65.1,76.0
LTU,1992,64.8,76.0
LTU,1993,63.1,75.0
LTU,1994,62.5,74.9
LTU,1995,63.3,75.1
LTU,1996,64.6,75.9
LTU,1997,65.5,76.6
LTU,1998,66.0,76.7
LTU,1999,66.3,77.0
LTU,2000,66.7,77.4
LTU,2001,65.9,77.4
LTU,2002,66.1,77.4
LTU,2003,66.4,77.7
LTU,2004,66.2,77.7
LTU,2005,65.2,77.4
LTU,2006,65.0,77.1
LTU,2007,64.5,77.2
LTU,2008,65.9,77.6
LTU,2009,67.1,78.7
LTU,2010,67.6,78.9
LTU,2011,68.1,79.3
LTU,2012,68.4,79.6
LTU,2013,68.5,79.6
LTU,2014,69.2,80.1
LTU,2015,69.2,79.7
LUX,1960,66.5,72.2
LUX,1971,66.2,73.1
LUX,1972,67.7,74.1
LUX,1973,66.9,74.6
LUX,1974,67.1,74.5
LUX,1975,67.3,74.3
LUX,1976,67.2,74.3
LUX,1977,68.2,76.2
LUX,1978,68.5,75.6
LUX,1979,69.0,76.5
LUX,1980,70.0,75.6
LUX,1981,68.9,76.3
LUX,1982,68.9,76.4
LUX,1983,69.9,77.1
LUX,1984,69.7,76.9
LUX,1985,70.3,77.3
LUX,1986,70.7,78.7
LUX,1987,70.6,77.9
LUX,1988,71.0,79.0
LUX,1989,71.2,78.4
LUX,1990,72.4,78.7
LUX,1991,72.0,79.3
LUX,1992,71.9,78.6
LUX,1993,72.2,79.6
LUX,1994,73.2,79.9
LUX,1995,73.0,80.6
LUX,1996,73.3,80.2
LUX,1997,74.0,80.0
LUX,1998,73.7,80.8
LUX,1999,74.4,81.4
LUX,2000,74.6,81.3
LUX,2001,75.1,80.7
LUX,2002,74.6,81.5
LUX,2003,74.8,80.8
LUX,2004,76.0,82.4
LUX,2005,76.7,82.3
LUX,2006,76.8,81.9
LUX,2007,76.7,82.2
LUX,2008,78.1,83.1
LUX,2009,78.1,83.3
LUX,2010,77.9,83.5
LUX,2011,78.5,83.6
LUX,2012,79.1,83.8
LUX,2013,79.8,83.9
LUX,2014,79.4,85.2
LUX,2015,80.0,84.7
LVA,2002,64.4,75.8
LVA,2003,65.3,75.7
LVA,2004,65.6,76.0
LVA,2005,64.9,76.3
LVA,2006,65.0,76.1
LVA,2007,65.3,76.2
LVA,2008,66.5,77.5
LVA,2009,67.5,77.7
LVA,2010,67.9,78.0
LVA,2011,68.6,78.8
LVA,2012,68.9,78.9
LVA,2013,69.3,78.9
LVA,2014,69.1,79.4
LVA,2015,69.7,79.5
MEX,1960,55.8,59.2
MEX,1961,56.5,59.8
MEX,1962,57.1,60.5
MEX,1963,57.6,61.0
MEX,1964,58.1,61.6
MEX,1965,58.5,62.1
MEX,1966,58.8,62.5
MEX,1967,59.0,62.9
MEX,1968,59.2,63.3
MEX,1969,59.5,63.7
MEX,1970,58.5,63.2
MEX,1971,60.2,64.6
MEX,1972,60.7,65.4
MEX,1973,61.2,66.1
MEX,1974,61.7,66.7
MEX,1975,62.0,67.3
MEX,1976,62.4,67.9
MEX,1977,62.8,68.5
MEX,1978,63.1,69.0
MEX,1979,63.6,69.6
MEX,1980,64.1,70.2
MEX,1981,64.6,70.7
MEX,1982,65.1,71.2
MEX,1983,65.6,71.6
MEX,1984,66.1,72.0
MEX,1985,66.6,72.4
MEX,1986,67.0,72.8
MEX,1987,67.3,73.1
MEX,1988,67.7,73.5
MEX,1989,67.9,73.6
MEX,1990,67.0,74.0
MEX,1991,67.5,74.3
MEX,1992,68.0,74.6
MEX,1993,68.4,74.9
MEX,1994,68.8,75.1
MEX,1995,69.2,75.3
MEX,1996,69.5,75.5
MEX,1997,69.8,75.7
MEX,1998,70.0,75.9
MEX,1999,70.3,76.0
MEX,2000,70.5,76.1
MEX,2001,70.7,76.3
MEX,2002,70.8,76.4
MEX,2003,71.0,76.5
MEX,2004,71.2,76.6
MEX,2005,71.3,76.7
MEX,2006,71.4,76.8
MEX,2007,71.5,76.9
MEX,2008,71.3,76.9
MEX,2009,71.1,76.9
MEX,2010,71.1,77.0
MEX,2011,71.2,77.2
MEX,2012,71.4,77.3
MEX,2013,71.7,77.4
MEX,2014,72.1,77.5
MEX,2015,72.3,77.7
MEX,2016,72.3,77.7
NLD,1960,71.5,75.4
NLD,1961,71.6,75.9
NLD,1962,71.1,75.7
NLD,1963,71.0,75.8
NLD,1964,71.3,76.3
NLD,1965,71.1,76.1
NLD,1966,71.0,76.1
NLD,1967,71.2,76.6
NLD,1968,70.9,76.4
NLD,1969,70.9,76.3
NLD,1970,70.8,76.5
NLD,1971,71.0,76.8
NLD,1972,70.8,76.8
NLD,1973,71.3,77.1
NLD,1974,71.6,77.6
NLD,1975,71.5,77.7
NLD,1976,71.5,77.9
NLD,1977,72.1,78.5
NLD,1978,72.0,78.5
NLD,1979,72.5,78.9
NLD,1980,72.5,79.2
NLD,1981,72.7,79.3
NLD,1982,72.7,79.4
NLD,1983,72.9,79.6
NLD,1984,73.0,79.7
NLD,1985,73.1,79.8
NLD,1986,73.1,79.7
NLD,1987,73.5,80.3
NLD,1988,73.7,80.4
NLD,1989,73.7,80.1
NLD,1990,73.8,80.2
NLD,1991,74.1,80.3
NLD,1992,74.3,80.4
NLD,1993,74.0,80.1
NLD,1994,74.6,80.4
NLD,1995,74.6,80.5
NLD,1996,74.7,80.5
NLD,1997,75.2,80.7
NLD,1998,75.2,80.8
NLD,1999,75.3,80.5
NLD,2000,75.6,80.7
NLD,2001,75.8,80.8
NLD,2002,76.0,80.7
NLD,2003,76.3,81.0
NLD,2004,76.9,81.5
NLD,2005,77.2,81.7
NLD,2006,77.7,82.0
NLD,2007,78.1,82.5
NLD,2008,78.4,82.5
NLD,2009,78.7,82.9
NLD,2010,78.9,83.0
NLD,2011,79.4,83.1
NLD,2012,79.3,83.0
NLD,2013,79.5,83.2
NLD,2014,80.0,83.5
NLD,2015,79.9,83.2
NOR,1960,71.6,76.0
NOR,1961,71.4,76.2
NOR,1962,71.2,76.2
NOR,1963,71.1,75.7
NOR,1964,71.5,76.3
NOR,1965,71.3,76.7
NOR,1966,71.6,76.9
NOR,1967,71.5,77.1
NOR,1968,71.4,77.0
NOR,1969,71.0,76.9
NOR,1970,71.2,77.5
NOR,1971,71.3,77.5
NOR,1972,71.5,77.7
NOR,1973,71.5,77.9
NOR,1974,71.9,78.2
NOR,1975,71.9,78.3
NOR,1976,72.2,78.4
NOR,1977,72.5,78.9
NOR,1978,72.6,78.9
NOR,1979,72.4,79.1
NOR,1980,72.4,79.3
NOR,1981,72.7,79.4
NOR,1982,72.7,79.7
NOR,1983,72.8,79.7
NOR,1984,73.0,79.8
NOR,1985,72.6,79.5
NOR,1986,72.9,80.0
NOR,1987,72.8,79.7
NOR,1988,73.1,79.7
NOR,1989,73.3,80.0
NOR,1990,73.4,79.9
NOR,1991,74.0,80.2
NOR,1992,74.2,80.5
NOR,1993,74.2,80.3
NOR,1994,74.9,80.8
NOR,1995,74.8,80.9
NOR,1996,75.4,81.2
NOR,1997,75.5,81.1
NOR,1998,75.6,81.4
NOR,1999,75.6,81.2
NOR,2000,76.0,81.5
NOR,2001,76.2,81.6
NOR,2002,76.4,81.6
NOR,2003,77.1,82.1
NOR,2004,77.6,82.5
NOR,2005,77.8,82.7
NOR,2006,78.2,82.9
NOR,2007,78.3,82.9
NOR,2008,78.4,83.2
NOR,2009,78.7,83.2
NOR,2010,79.0,83.3
NOR,2011,79.1,83.6
NOR,2012,79.5,83.5
NOR,2013,79.8,83.8
NOR,2014,80.1,84.2
NOR,2015,80.5,84.2
NZL,1961,68.4,73.8
NZL,1962,68.4,73.9
NZL,1963,68.3,74.0
NZL,1964,68.3,74.1
NZL,1965,68.2,74.2
NZL,1966,68.2,74.3
NZL,1967,68.3,74.4
NZL,1968,68.3,74.4
NZL,1969,68.4,74.5
NZL,1970,68.5,74.5
NZL,1971,68.5,74.6
NZL,1972,68.6,74.8
NZL,1973,68.7,74.9
NZL,1974,68.8,75.1
NZL,1975,68.9,75.3
NZL,1976,69.0,75.5
NZL,1977,69.3,75.6
NZL,1978,69.6,75.8
NZL,1979,69.8,76.0
NZL,1980,70.1,76.2
NZL,1981,70.4,76.4
NZL,1982,70.5,76.6
NZL,1983,70.7,76.7
NZL,1984,70.8,76.8
NZL,1985,71.0,77.0
NZL,1986,71.1,77.1
NZL,1987,71.5,77.4
NZL,1988,71.8,77.8
NZL,1989,72.2,78.1
NZL,1990,72.5,78.4
NZL,1991,72.9,78.7
NZL,1992,73.2,78.9
NZL,1993,73.5,79.1
NZL,1994,73.8,79.3
NZL,1995,74.1,79.5
NZL,1996,74.4,79.7
NZL,1997,74.8,80.0
NZL,1998,75.2,80.2
NZL,1999,75.6,80.5
NZL,2000,75.9,80.8
NZL,2001,76.3,81.1
NZL,2002,76.7,81.3
NZL,2003,77.0,81.5
NZL,2004,77.4,81.7
NZL,2005,77.7,81.9
NZL,2006,78.0,82.2
NZL,2007,78.2,82.3
NZL,2008,78.4,82.5
NZL,2009,78.7,82.6
NZL,2010,78.9,82.7
NZL,2011,79.1,82.9
NZL,2012,79.3,83.0
NZL,2013,79.5,83.2
NZL,2014,79.7,83.3
NZL,2015,79.9,83.4
POL,1960,64.9,70.6
POL,1961,64.9,70.8
POL,1962,64.5,70.5
POL,1963,65.4,71.5
POL,1964,65.8,71.6
POL,1965,66.6,72.4
POL,1966,66.9,72.9
POL,1967,66.4,72.6
POL,1968,67.0,73.6
POL,1969,66.5,73.1
POL,1970,66.6,73.3
POL,1971,66.1,73.3
POL,1972,67.3,74.2
POL,1973,67.2,74.3
POL,1974,67.8,74.6
POL,1975,67.0,74.3
POL,1976,66.9,74.6
POL,1977,66.5,74.5
POL,1978,66.4,74.5
POL,1979,66.8,74.9
POL,1980,66.0,74.4
POL,1981,67.1,75.2
POL,1982,67.2,75.2
POL,1983,67.0,75.2
POL,1984,66.8,75.0
POL,1985,66.9,75.3
POL,1986,66.8,75.1
POL,1987,67.8,75.2
POL,1988,67.2,75.7
POL,1989,66.8,75.5
POL,1990,66.3,75.3
POL,1991,65.9,75.1
POL,1992,66.5,75.6
POL,1993,67.2,75.9
POL,1994,67.5,76.1
POL,1995,67.7,76.4
POL,1996,68.1,76.6
POL,1997,68.5,77.0
POL,1998,68.9,77.4
POL,1999,68.8,77.5
POL,2000,69.6,78.0
POL,2001,70.0,78.4
POL,2002,70.3,78.8
POL,2003,70.5,78.8
POL,2004,70.6,79.2
POL,2005,70.8,79.3
POL,2006,70.9,79.7
POL,2007,71.0,79.8
POL,2008,71.3,80.0
POL,2009,71.5,80.1
POL,2010,72.2,80.7
POL,2011,72.5,81.1
POL,2012,72.6,81.1
POL,2013,73.0,81.2
POL,2014,73.7,81.7
POL,2015,73.5,81.6
PRT,1960,61.1,66.7
PRT,1961,59.9,65.4
PRT,1962,61.2,67.0
PRT,1963,61.8,67.6
PRT,1964,62.0,67.8
PRT,1965,62.6,68.9
PRT,1966,62.0,68.4
PRT,1967,62.8,69.2
PRT,1968,63.3,69.4
PRT,1969,62.8,69.0
PRT,1970,63.6,69.7
PRT,1971,63.1,69.7
PRT,1972,65.2,71.5
PRT,1973,64.4,70.6
PRT,1974,64.8,71.4
PRT,1975,64.6,72.1
PRT,1976,65.3,72.6
PRT,1977,66.4,73.7
PRT,1978,67.1,73.9
PRT,1979,67.9,74.7
PRT,1980,67.9,74.9
PRT,1981,68.2,75.2
PRT,1982,69.0,76.0
PRT,1983,69.0,75.8
PRT,1984,69.2,76.2
PRT,1985,69.4,76.5
PRT,1986,69.9,76.8
PRT,1987,70.3,77.2
PRT,1988,70.3,77.3
PRT,1989,70.9,77.9
PRT,1990,70.6,77.5
PRT,1991,70.5,77.7
PRT,1992,71.0,78.4
PRT,1993,71.0,78.1
PRT,1994,72.0,79.0
PRT,1995,71.7,79.0
PRT,1996,71.6,79.0
PRT,1997,72.2,79.4
PRT,1998,72.4,79.6
PRT,1999,72.7,79.8
PRT,2000,73.3,80.4
PRT,2001,73.6,80.7
PRT,2002,73.9,80.8
PRT,2003,74.2,80.8
PRT,2004,75.0,81.8
PRT,2005,74.9,81.5
PRT,2006,75.5,82.5
PRT,2007,75.9,82.5
PRT,2008,76.2,82.7
PRT,2009,76.5,82.8
PRT,2010,76.8,83.2
PRT,2011,77.3,83.8
PRT,2012,77.3,83.6
PRT,2013,77.6,84.0
PRT,2014,78.0,84.4
PRT,2015,78.1,84.3
RUS,1960,62.1,70.2
RUS,1961,62.6,70.8
RUS,1962,63.0,71.3
RUS,1963,63.2,71.7
RUS,1964,63.4,72.0
RUS,1965,63.4,72.2
RUS,1966,63.4,72.4
RUS,1967,63.4,72.6
RUS,1968,63.3,72.7
RUS,1969,63.2,72.8
RUS,1970,63.1,73.4
RUS,1971,63.2,73.8
RUS,1972,63.3,73.6
RUS,1973,63.3,73.6
RUS,1974,63.1,73.8
RUS,1975,62.5,73.2
RUS,1976,62.2,73.1
RUS,1977,61.8,73.2
RUS,1978,61.8,73.2
RUS,1979,61.5,73.0
RUS,1980,61.4,73.0
RUS,1981,61.6,73.2
RUS,1982,62.3,73.6
RUS,1983,62.2,73.4
RUS,1984,61.7,73.0
RUS,1985,62.7,73.2
RUS,1986,64.8,74.2
RUS,1987,64.8,74.3
RUS,1988,64.6,74.5
RUS,1989,64.2,74.4
RUS,1990,63.7,74.3
RUS,1991,63.4,74.2
RUS,1992,61.9,73.7
RUS,1993,58.8,71.8
RUS,1994,57.4,71.1
RUS,1995,58.1,71.6
RUS,1996,59.6,72.4
RUS,1997,60.9,72.8
RUS,1998,61.2,73.1
RUS,1999,59.9,72.4
RUS,2000,59.0,72.3
RUS,2001,58.9,72.2
RUS,2002,58.7,71.9
RUS,2003,58.5,71.9
RUS,2004,58.9,72.4
RUS,2005,58.9,72.5
RUS,2006,60.4,73.3
RUS,2007,61.5,74.0
RUS,2008,61.9,74.3
RUS,2009,62.9,74.8
RUS,2010,63.1,74.9
RUS,2011,64.0,75.6
RUS,2012,64.6,75.9
RUS,2013,65.1,76.3
RUS,2014,65.3,76.5
RUS,2015,65.9,76.7
SVK,1960,67.9,72.7
SVK,1961,68.6,73.2
SVK,1962,68.0,72.7
SVK,1963,68.3,73.3
SVK,1964,68.8,73.6
SVK,1965,67.9,72.9
SVK,1966,67.8,73.3
SVK,1967,68.4,73.9
SVK,1968,67.7,73.6
SVK,1969,66.9,73.3
SVK,1970,66.8,73.1
SVK,1971,66.6,73.3
SVK,1972,67.0,73.9
SVK,1973,66.8,73.4
SVK,1974,66.8,73.7
SVK,1975,66.9,74.0
SVK,1976,67.0,74.1
SVK,1977,66.8,74.3
SVK,1978,66.9,74.2
SVK,1979,67.2,74.6
SVK,1980,66.7,74.4
SVK,1981,66.8,74.9
SVK,1982,67.0,74.9
SVK,1983,66.7,74.7
SVK,1984,66.9,75.1
SVK,1985,67.0,75.0
SVK,1986,67.2,75.1
SVK,1987,67.4,75.4
SVK,1988,67.2,75.7
SVK,1989,67.0,75.6
SVK,1990,66.7,75.7
SVK,1991,66.9,75.5
SVK,1992,67.1,76.0
SVK,1993,67.8,76.3
SVK,1994,68.3,76.7
SVK,1995,68.4,76.5
SVK,1996,68.8,77.0
SVK,1997,68.9,76.9
SVK,1998,68.6,77.0
SVK,1999,69.0,77.4
SVK,2000,69.2,77.5
SVK,2001,69.5,77.7
SVK,2002,69.8,77.7
SVK,2003,69.8,77.7
SVK,2004,70.3,78.0
SVK,2005,70.2,78.1
SVK,2006,70.4,78.4
SVK,2007,70.6,78.4
SVK,2008,70.9,79.0
SVK,2009,71.4,79.1
SVK,2010,71.8,79.3
SVK,2011,72.3,79.8
SVK,2012,72.5,79.9
SVK,2013,72.9,80.1
SVK,2014,73.3,80.5
SVK,2015,73.1,80.2
SVN,1970,65.0,72.4
SVN,1982,67.0,75.3
SVN,1983,66.9,75.0
SVN,1984,67.3,75.4
SVN,1985,67.7,76.0
SVN,1986,68.4,76.4
SVN,1987,68.2,76.5
SVN,1988,68.9,77.0
SVN,1989,69.3,77.5
SVN,1990,69.8,77.8
SVN,1991,69.5,77.5
SVN,1992,69.6,77.6
SVN,1993,69.4,77.6
SVN,1994,70.1,77.8
SVN,1995,70.8,78.5
SVN,1996,71.1,79.0
SVN,1997,71.1,79.1
SVN,1998,71.3,79.2
SVN,1999,71.8,79.5
SVN,2000,72.2,79.9
SVN,2001,72.3,80.4
SVN,2002,72.6,80.5
SVN,2003,72.5,80.3
SVN,2004,73.5,80.8
SVN,2005,73.9,80.9
SVN,2006,74.5,82.0
SVN,2007,74.6,82.0
SVN,2008,75.5,82.6
SVN,2009,75.9,82.7
SVN,2010,76.4,83.1
SVN,2011,76.8,83.3
SVN,2012,77.1,83.3
SVN,2013,77.2,83.6
SVN,2014,78.2,84.1
SVN,2015,77.8,83.9
SWE,1960,71.2,74.9
SWE,1961,71.6,75.4
SWE,1962,71.3,75.4
SWE,1963,71.6,75.6
SWE,1964,71.7,75.9
SWE,1965,71.7,76.1
SWE,1966,71.9,76.5
SWE,1967,71.9,76.5
SWE,1968,71.7,76.4
SWE,1969,71.7,76.7
SWE,1970,72.3,77.3
SWE,1971,72.0,77.5
SWE,1972,72.0,77.6
SWE,1973,72.2,77.8
SWE,1974,72.2,78.0
SWE,1975,72.2,78.1
SWE,1976,72.2,78.0
SWE,1977,72.4,78.7
SWE,1978,72.5,78.8
SWE,1979,72.5,78.8
SWE,1980,72.8,79.0
SWE,1981,73.1,79.3
SWE,1982,73.5,79.5
SWE,1983,73.6,79.8
SWE,1984,73.9,80.1
SWE,1985,73.8,79.8
SWE,1986,74.0,80.2
SWE,1987,74.2,80.3
SWE,1988,74.1,80.0
SWE,1989,74.8,80.7
SWE,1990,74.8,80.5
SWE,1991,75.0,80.7
SWE,1992,75.4,81.0
SWE,1993,75.5,80.9
SWE,1994,76.1,81.6
SWE,1995,76.2,81.7
SWE,1996,76.6,81.7
SWE,1997,76.8,82.0
SWE,1998,76.9,82.1
SWE,1999,77.1,82.0
SWE,2000,77.4,82.0
SWE,2001,77.6,82.2
SWE,2002,77.7,82.1
SWE,2003,78.0,82.5
SWE,2004,78.4,82.8
SWE,2005,78.5,82.9
SWE,2006,78.8,83.1
SWE,2007,79.0,83.1
SWE,2008,79.2,83.3
SWE,2009,79.4,83.5
SWE,2010,79.6,83.6
SWE,2011,79.9,83.8
SWE,2012,79.9,83.6
SWE,2013,80.2,83.8
SWE,2014,80.4,84.2
SWE,2015,80.4,84.1
TUR,1960,46.3,50.3
TUR,1961,47.0,51.0
TUR,1962,47.6,51.7
TUR,1963,48.2,52.3
TUR,1964,48.9,53.0
TUR,1965,49.5,53.6
TUR,1966,50.1,54.3
TUR,1967,50.8,54.9
TUR,1968,51.3,55.5
TUR,1969,51.6,55.9
TUR,1970,52.0,56.3
TUR,1971,52.4,56.7
TUR,1972,52.8,57.1
TUR,1973,53.2,57.5
TUR,1974,53.5,57.9
TUR,1975,53.9,58.3
TUR,1976,54.2,58.7
TUR,1977,54.6,59.2
TUR,1978,55.0,59.6
TUR,1979,55.4,60.0
TUR,1980,55.8,60.3
TUR,1981,56.3,60.7
TUR,1982,56.7,61.1
TUR,1983,57.5,61.9
TUR,1984,58.6,63.1
TUR,1985,59.8,64.3
TUR,1986,60.9,65.5
TUR,1987,62.1,66.7
TUR,1988,62.9,67.5
TUR,1989,63.4,68.0
TUR,1990,65.4,69.5
TUR,1991,65.7,69.8
TUR,1992,66.1,70.2
TUR,1993,66.4,70.6
TUR,1994,66.8,71.0
TUR,1995,67.2,71.3
TUR,1996,67.6,71.8
TUR,1997,68.0,72.2
TUR,1998,68.3,72.3
TUR,1999,68.6,72.7
TUR,2000,69.0,73.1
TUR,2001,69.4,73.5
TUR,2002,69.8,73.9
TUR,2003,70.2,74.4
TUR,2004,70.6,74.8
TUR,2005,71.0,75.2
TUR,2006,71.2,75.6
TUR,2007,71.4,75.9
TUR,2008,71.5,76.2
TUR,2009,71.7,76.5
TUR,2010,71.8,76.8
TUR,2011,72.0,77.1
TUR,2012,72.0,77.2
TUR,2013,75.3,80.7
TUR,2014,75.3,80.7
TUR,2015,75.3,80.7
USA,1960,66.6,73.1
USA,1961,67.1,73.6
USA,1962,66.9,73.5
USA,1963,66.6,73.4
USA,1964,66.8,73.7
USA,1965,66.8,73.8
USA,1966,66.7,73.8
USA,1967,67.0,74.3
USA,1968,66.6,74.1
USA,1969,66.8,74.4
USA,1970,67.1,74.7
USA,1971,67.4,75.0
USA,1972,67.4,75.1
USA,1973,67.6,75.3
USA,1974,68.2,75.9
USA,1975,68.8,76.6
USA,1976,69.1,76.8
USA,1977,69.5,77.2
USA,1978,69.6,77.3
USA,1979,70.0,77.8
USA,1980,70.0,77.4
USA,1981,70.4,77.8
USA,1982,70.8,78.1
USA,1983,71.0,78.1
USA,1984,71.1,78.2
USA,1985,71.1,78.2
USA,1986,71.2,78.2
USA,1987,71.4,78.3
USA,1988,71.4,78.3
USA,1989,71.7,78.5
USA,1990,71.8,78.8
USA,1991,72.0,78.9
USA,1992,72.3,79.1
USA,1993,72.2,78.8
USA,1994,72.4,79.0
USA,1995,72.5,78.9
USA,1996,73.1,79.1
USA,1997,73.6,79.4
USA,1998,73.8,79.5
USA,1999,73.9,79.4
USA,2000,74.1,79.3
USA,2001,74.3,79.5
USA,2002,74.4,79.6
USA,2003,74.5,79.7
USA,2004,75.0,80.1
USA,2005,75.0,80.1
USA,2006,75.2,80.3
USA,2007,75.5,80.6
USA,2008,75.6,80.6
USA,2009,76.0,80.9
USA,2010,76.2,81.0
USA,2011,76.3,81.1
USA,2012,76.4,81.2
USA,2013,76.4,81.2
USA,2014,76.5,81.3
USA,2015,76.3,81.2
ZAF,1960,47.3,50.8
ZAF,1961,47.6,51.3
ZAF,1962,47.9,51.8
ZAF,1963,48.2,52.3
ZAF,1964,48.5,52.8
ZAF,1965,48.8,53.3
ZAF,1966,49.1,53.8
ZAF,1967,49.4,54.3
ZAF,1968,49.7,54.7
ZAF,1969,50.0,55.1
ZAF,1970,50.3,55.6
ZAF,1971,50.5,56.0
ZAF,1972,50.8,56.4
ZAF,1973,51.1,56.8
ZAF,1974,51.4,57.2
ZAF,1975,51.7,57.6
ZAF,1976,52.0,58.1
ZAF,1977,52.4,58.6
ZAF,1978,52.8,59.2
ZAF,1979,53.2,59.8
ZAF,1980,53.7,60.4
ZAF,1981,54.3,61.0
ZAF,1982,54.8,61.7
ZAF,1983,55.4,62.3
ZAF,1984,55.9,63.0
ZAF,1985,56.4,63.6
ZAF,1986,56.9,64.2
ZAF,1987,57.4,64.7
ZAF,1988,57.8,65.2
ZAF,1989,58.2,65.6
ZAF,1990,58.5,65.9
ZAF,1991,58.7,66.1
ZAF,1992,58.8,66.1
ZAF,1993,58.7,65.8
ZAF,1994,58.5,65.4
ZAF,1995,58.2,64.8
ZAF,1996,57.6,63.8
ZAF,1997,56.8,62.6
ZAF,1998,55.8,61.2
ZAF,1999,54.8,59.6
ZAF,2000,53.7,58.0
ZAF,2001,52.7,56.5
ZAF,2002,51.8,55.2
ZAF,2003,51.1,54.1
ZAF,2004,50.5,53.3
ZAF,2005,50.3,52.9
ZAF,2006,50.4,52.9
ZAF,2007,50.7,53.3
ZAF,2008,51.3,54.1
ZAF,2009,52.0,55.1
ZAF,2010,52.7,56.1
ZAF,2011,53.5,57.2
ZAF,2012,54.2,58.1
ZAF,2013,54.7,58.8
ZAF,2014,55.2,59.3
ZAF,2015,55.5,59.5
